;iAlegre:;YANFENG:;FORD:;Uknown:
Opened;3;20;0;8
Closed;21;14;2;6
""
Date;Device;Contaniner;ID Ford;Position;Status;Battery;Temperature;Inactivity Alert;Location Alert
2022-03-16;26F5492;No info device;FE1494B;YANFENG;0;100%;18;;
2022-03-16;26F547E;No info device;FE1494B;YANFENG;0;100%;18;;
2022-03-16;26F5430;2;FE1494B;YANFENG;Desplegado OFF;100%;19;Inactividad;
2022-03-16;disp492_12h;No info device;FE1494B;FORD;Desplegado OFF;100%;no info;;
2022-03-16;disp492_12h;No info device;FE1494B;YANFENG;Desplegado OFF;100%;no info;Inactividad;
2022-03-16;26F5440;8;FE1494B;ALEGRE;0;No info battery;12,2;;
2022-03-16;26F543F;1;FE1494B;ALEGRE;Desplegado OFF;100%;22;;
2022-03-16;26F5477;3;FE1494B;YANFENG;Desplegado OFF;100%;20;Inactividad;
2022-03-16;26F544E;6;FE1494B;YANFENG;Desplegado ON;100%;15;;
2022-03-16;26F543B;10;FE1494B;ALEGRE;Desplegado OFF;100%;19;Inactividad;
2022-03-16;26F5434;4;FE1494B;ALEGRE;Desplegado OFF;100%;20;;Device Lost
2022-03-16;26F544C;7;FE1494B;ALEGRE;Desplegado OFF;100%;18;;Device Lost
2022-03-16;26F548A;9;FE1494B;ALEGRE;Desplegado OFF;100%;18;;
2022-03-16;26F5479;11;FE1494B;YANFENG;Desplegado ON;100%;16;;
2022-03-16;26F548F;13;FE1494B;YANFENG;Desplegado ON;100%;15;;Device Lost
2022-03-16;26F544D;17;FE1494B;ALEGRE;Desplegado OFF;100%;18;;Device Lost
2022-03-16;26F5443;14;FE1494B;ALEGRE;Desplegado OFF;100%;18;;
2022-03-16;26F5467;16;FE1494B;UNKNOWN;Desplegado OFF;100%;19;Inactividad;
2022-03-16;26F5454;21;FE1494B;UNKNOWN;Desplegado OFF;100%;16;Inactividad;
2022-03-16;26F547B;22;FE1494B;ALEGRE;0;No info battery;12;Inactividad;Device Lost
2022-03-16;26F5432;15;FE1494B;ALEGRE;Desplegado OFF;100%;20;;
2022-03-16;26F543D;23;FE1494B;ALEGRE;0;No info battery;11,8;;Device Lost
2022-03-16;26F5491;19;FE1494B;YANFENG;Desplegado OFF;100%;18;Inactividad;
2022-03-16;26F5469;18;FE1494B;YANFENG;Desplegado ON;100%;16;;Device Lost
2022-03-16;26F5452;12;FE1494B;UNKNOWN;Desplegado OFF;100%;17;;
2022-03-16;26F5451;27;FE1494B;ALEGRE;Desplegado OFF;100%;19;;
2022-03-16;26F5442;30;FE1494B;ALEGRE;Desplegado OFF;100%;18;Inactividad;
2022-03-16;26F5489;31;FE1494B;ALEGRE;Desplegado OFF;100%;17;;
2022-03-16;26F5495;32;FE1494B;YANFENG;Desplegado OFF;100%;10;;Device Lost
2022-03-16;26F5446;35;FE1494B;ALEGRE;Desplegado OFF;100%;19;;Device Lost
2022-03-16;26F542F;34;FE1494B;ALEGRE;Desplegado OFF;100%;17;;
2022-03-16;26F5431;28;FE1494B;UNKNOWN;Desplegado ON;100%;15;Inactividad;
2022-03-16;26F543A;24;FE1494B;YANFENG;Desplegado OFF;100%;20;Inactividad;
2022-03-16;26F5458;33;FE1494B;YANFENG;Desplegado ON;100%;16;;
2022-03-16;26F543C;29;FE1494B;ALEGRE;0;No info battery;12,4;Inactividad;Device Lost
2022-03-16;26F5493;26;FE1494B;YANFENG;Desplegado OFF;100%;19;Inactividad;
2022-03-16;26F5481;84;FE1494B;UNKNOWN;Null;50%;16;;Device Lost
2022-03-16;26F54A1;47;FE1494B;ALEGRE;Desplegado OFF;100%;18;;
2022-03-16;26F5490;38;FE1494B;FORD;Desplegado OFF;100%;16;Inactividad;
2022-03-16;26F543E;44;FE1494B;UNKNOWN;Null;100%;11,0;;Device Lost
2022-03-16;26F5450;40;FE1494B;UNKNOWN;Desplegado OFF;100%;20;Inactividad;
2022-03-16;26F5453;45;FE1494B;YANFENG;Desplegado ON;100%;16;Inactividad;
2022-03-16;26F544F;36;FE1494B;UNKNOWN;Desplegado ON;100%;17;Inactividad;Device Lost
2022-03-16;26F545B;39;FE1494B;YANFENG;Desplegado ON;100%;15;;
2022-03-16;26F5438;42;FE1494B;ALEGRE;0;No info battery;12,2;;Device Lost
2022-03-16;26F5436;37;FE1494B;YANFENG;Desplegado ON;100%;15;;Device Lost
2022-03-16;26F547A;46;FE1494B;ALEGRE;0;No info battery;12,2;;Device Lost
2022-03-16;26F5433;41;FE1494B;ALEGRE;0;No info battery;12;Inactividad;
2022-03-16;26F548C;49;FE1494B;YANFENG;Desplegado ON;100%;16;;
2022-03-16;26F5474;48;FE1494B;YANFENG;Desplegado ON;100%;14;;Device Lost
2022-03-16;26F545C;43;FE1494B;ALEGRE;0;No info battery;12;;
2022-03-16;26F5488;50;FE1494B;YANFENG;Desplegado ON;100%;14;Inactividad;Device Lost
2022-03-16;26F5476;56;FE1494B;YANFENG;Desplegado OFF;100%;18;Inactividad;
2022-03-16;26F5484;57;FE1494B;YANFENG;Desplegado OFF;100%;20;Inactividad;
2022-03-16;26F54A0;51;FE1494B;ALEGRE;0;No info battery;12;;Device Lost
2022-03-16;26F549B;62;FE1494B;UNKNOWN;Desplegado ON;100%;16;;Device Lost
2022-03-16;26F547D;60;FE1494B;YANFENG;Desplegado ON;100%;16;;
2022-03-16;26F549C;55;FE1494B;ALEGRE;Desplegado OFF;100%;19;;
2022-03-16;26F5475;66;FE1494B;YANFENG;Desplegado OFF;100%;15;;
2022-03-16;26F548D;54;FE1494B;UNKNOWN;Desplegado ON;100%;15;;
2022-03-16;26F5478;70;FE1494B;UNKNOWN;Desplegado ON;100%;18;;
2022-03-16;26F5486;67;FE1494B;YANFENG;Desplegado ON;100%;15;;
2022-03-16;26F549A;65;FE1494B;ALEGRE;Desplegado ON;100%;18;;
2022-03-16;26F548B;52;FE1494B;ALEGRE;0;No info battery;12,4;;Device Lost
2022-03-16;26F5470;83;FE1494B;ALEGRE;Desplegado OFF;100%;18;;
2022-03-16;26F5472;68;FE1494B;ALEGRE;0;No info battery;12;;
2022-03-16;26F5466;53;FE1494B;YANFENG;Desplegado ON;100%;15;Inactividad;Device Lost
2022-03-16;26F5468;71;FE1494B;UNKNOWN;Desplegado OFF;100%;17;Inactividad;
2022-03-16;26F545E;58;FE1494B;YANFENG;Desplegado ON;100%;14;;
2022-03-16;26F547F;69;FE1494B;ALEGRE;Desplegado ON;100%;20;;
2022-03-16;26F549E;81;FE1494B;YANFENG;Desplegado OFF;100%;20;Inactividad;
2022-03-16;26F5456;64;FE1494B;UNKNOWN;Desplegado ON;100%;18;Inactividad;Device Lost
2022-03-16;26F5499;80;FE1494B;YANFENG;Desplegado OFF;100%;18;Inactividad;
2022-03-16;26F547C;79;FE1494B;YANFENG;Desplegado ON;100%;16;;
2022-03-16;26F546C;76;FE1494B;UNKNOWN;Desplegado ON;100%;14;Inactividad;
2022-03-16;26F5473;78;FE1494B;ALEGRE;Desplegado OFF;100%;17;;Device Lost
2022-03-16;26F5497;73;FE1494B;YANFENG;Desplegado ON;100%;15;Inactividad;
2022-03-16;26F549F;75;FE1494B;YANFENG;Desplegado ON;100%;14;;
2022-03-16;26F546B;87;FE1494B;UNKNOWN;Desplegado OFF;100%;19;Inactividad;
2022-03-16;26F546E;59;FE1494B;ALEGRE;Desplegado OFF;100%;18;;
2022-03-16;26F5487;61;FE1494B;ALEGRE;Desplegado ON;100%;19;;
2022-03-16;26F5485;82;FE1494B;ALEGRE;Desplegado OFF;100%;19;;
2022-03-16;26F546D;86;FE1494B;UNKNOWN;Null;100%;19;;
2022-03-16;26F54A4;90;FE1494B;YANFENG;Desplegado OFF;100%;19;Inactividad;
2022-03-16;26F545A;89;FE1494B;ALEGRE;Desplegado OFF;100%;21;Inactividad;
2022-03-16;26F5483;72;FE1494B;UNKNOWN;Desplegado ON;100%;19;;
2022-03-16;26F5441;88;FE1494B;ALEGRE;Desplegado OFF;100%;19;;
2022-03-16;26F5482;74;FE1494B;YANFENG;Desplegado OFF;100%;19;Inactividad;
2022-03-16;26F5496;85;FE1494B;YANFENG;Desplegado ON;100%;17;;
2022-03-16;26F546A;77;FE1494B;YANFENG;Desplegado ON;100%;16;;Device Lost
